identifiant fonctionnel;domaine;fonctionnalité;description du comportement réel;fichier source;fonction ou zone source;données entrée;données sortie;dépendances;cas particuliers;risques;nouveau module prévu;test prévu;critère validation;statut;différence volontaire;justification
OUT-001;Outil migration;import JSON OVP unique;Comportement existant audité: import JSON OVP unique.;migration intranet v7.html;voir fonctions/zones listées dans audit;fichiers utilisateur / état navigateur;JSON, Excel, HTML Drupal ou rapport;Drupal, navigateur, SheetJS/DOM/localStorage;voir audit;"élevé si identifiant/taxonomie/DOM; moyen sinon";core/adapters/* + studio/workflows;test-caracterisation-out-001;Entrées fixture -> sortie/DOM/rapport identique à l'existant;à reprendre;;Non-régression stricte
OUT-002;Outil migration;import de plusieurs JSON ou dossier;Comportement existant audité: import de plusieurs JSON ou dossier.;migration intranet v7.html;voir fonctions/zones listées dans audit;fichiers utilisateur / état navigateur;JSON, Excel, HTML Drupal ou rapport;Drupal, navigateur, SheetJS/DOM/localStorage;voir audit;"élevé si identifiant/taxonomie/DOM; moyen sinon";core/adapters/* + studio/workflows;test-caracterisation-out-002;Entrées fixture -> sortie/DOM/rapport identique à l'existant;à reprendre;;Non-régression stricte
OUT-003;Outil migration;import Sofia-FMO;Comportement existant audité: import Sofia-FMO.;migration intranet v7.html;voir fonctions/zones listées dans audit;fichiers utilisateur / état navigateur;JSON, Excel, HTML Drupal ou rapport;Drupal, navigateur, SheetJS/DOM/localStorage;voir audit;"élevé si identifiant/taxonomie/DOM; moyen sinon";core/adapters/* + studio/workflows;test-caracterisation-out-003;Entrées fixture -> sortie/DOM/rapport identique à l'existant;à reprendre;;Non-régression stricte
OUT-004;Outil migration;import Plan et sessions;Comportement existant audité: import Plan et sessions.;migration intranet v7.html;voir fonctions/zones listées dans audit;fichiers utilisateur / état navigateur;JSON, Excel, HTML Drupal ou rapport;Drupal, navigateur, SheetJS/DOM/localStorage;voir audit;"élevé si identifiant/taxonomie/DOM; moyen sinon";core/adapters/* + studio/workflows;test-caracterisation-out-004;Entrées fixture -> sortie/DOM/rapport identique à l'existant;à reprendre;;Non-régression stricte
OUT-005;Outil migration;import BI-RANA;Comportement existant audité: import BI-RANA.;migration intranet v7.html;voir fonctions/zones listées dans audit;fichiers utilisateur / état navigateur;JSON, Excel, HTML Drupal ou rapport;Drupal, navigateur, SheetJS/DOM/localStorage;voir audit;"élevé si identifiant/taxonomie/DOM; moyen sinon";core/adapters/* + studio/workflows;test-caracterisation-out-005;Entrées fixture -> sortie/DOM/rapport identique à l'existant;à reprendre;;Non-régression stricte
OUT-006;Outil migration;import recensement Drupal;Comportement existant audité: import recensement Drupal.;migration intranet v7.html;voir fonctions/zones listées dans audit;fichiers utilisateur / état navigateur;JSON, Excel, HTML Drupal ou rapport;Drupal, navigateur, SheetJS/DOM/localStorage;voir audit;"élevé si identifiant/taxonomie/DOM; moyen sinon";core/adapters/* + studio/workflows;test-caracterisation-out-006;Entrées fixture -> sortie/DOM/rapport identique à l'existant;à reprendre;;Non-régression stricte
OUT-007;Outil migration;lecture CSV/XLS/XLSX/HTML/JSON;Comportement existant audité: lecture CSV/XLS/XLSX/HTML/JSON.;migration intranet v7.html;voir fonctions/zones listées dans audit;fichiers utilisateur / état navigateur;JSON, Excel, HTML Drupal ou rapport;Drupal, navigateur, SheetJS/DOM/localStorage;voir audit;"élevé si identifiant/taxonomie/DOM; moyen sinon";core/adapters/* + studio/workflows;test-caracterisation-out-007;Entrées fixture -> sortie/DOM/rapport identique à l'existant;à reprendre;;Non-régression stricte
OUT-008;Outil migration;normalisation des colonnes;Comportement existant audité: normalisation des colonnes.;migration intranet v7.html;voir fonctions/zones listées dans audit;fichiers utilisateur / état navigateur;JSON, Excel, HTML Drupal ou rapport;Drupal, navigateur, SheetJS/DOM/localStorage;voir audit;"élevé si identifiant/taxonomie/DOM; moyen sinon";core/adapters/* + studio/workflows;test-caracterisation-out-008;Entrées fixture -> sortie/DOM/rapport identique à l'existant;à reprendre;;Non-régression stricte
OUT-009;Outil migration;cache BI-RANA;Comportement existant audité: cache BI-RANA.;migration intranet v7.html;voir fonctions/zones listées dans audit;fichiers utilisateur / état navigateur;JSON, Excel, HTML Drupal ou rapport;Drupal, navigateur, SheetJS/DOM/localStorage;voir audit;"élevé si identifiant/taxonomie/DOM; moyen sinon";core/adapters/* + studio/workflows;test-caracterisation-out-009;Entrées fixture -> sortie/DOM/rapport identique à l'existant;à reprendre;;Non-régression stricte
OUT-010;Outil migration;association automatique;Comportement existant audité: association automatique.;migration intranet v7.html;voir fonctions/zones listées dans audit;fichiers utilisateur / état navigateur;JSON, Excel, HTML Drupal ou rapport;Drupal, navigateur, SheetJS/DOM/localStorage;voir audit;"élevé si identifiant/taxonomie/DOM; moyen sinon";core/adapters/* + studio/workflows;test-caracterisation-out-010;Entrées fixture -> sortie/DOM/rapport identique à l'existant;à reprendre;;Non-régression stricte
OUT-011;Outil migration;association manuelle;Comportement existant audité: association manuelle.;migration intranet v7.html;voir fonctions/zones listées dans audit;fichiers utilisateur / état navigateur;JSON, Excel, HTML Drupal ou rapport;Drupal, navigateur, SheetJS/DOM/localStorage;voir audit;"élevé si identifiant/taxonomie/DOM; moyen sinon";core/adapters/* + studio/workflows;test-caracterisation-out-011;Entrées fixture -> sortie/DOM/rapport identique à l'existant;à reprendre;;Non-régression stricte
OUT-012;Outil migration;seuils de confiance;Comportement existant audité: seuils de confiance.;migration intranet v7.html;voir fonctions/zones listées dans audit;fichiers utilisateur / état navigateur;JSON, Excel, HTML Drupal ou rapport;Drupal, navigateur, SheetJS/DOM/localStorage;voir audit;"élevé si identifiant/taxonomie/DOM; moyen sinon";core/adapters/* + studio/workflows;test-caracterisation-out-012;Entrées fixture -> sortie/DOM/rapport identique à l'existant;à reprendre;;Non-régression stricte
OUT-013;Outil migration;mapping Drupal vers Sofia-FMO;Comportement existant audité: mapping Drupal vers Sofia-FMO.;migration intranet v7.html;voir fonctions/zones listées dans audit;fichiers utilisateur / état navigateur;JSON, Excel, HTML Drupal ou rapport;Drupal, navigateur, SheetJS/DOM/localStorage;voir audit;"élevé si identifiant/taxonomie/DOM; moyen sinon";core/adapters/* + studio/workflows;test-caracterisation-out-013;Entrées fixture -> sortie/DOM/rapport identique à l'existant;à reprendre;;Non-régression stricte
OUT-014;Outil migration;mapping unitaire;Comportement existant audité: mapping unitaire.;migration intranet v7.html;voir fonctions/zones listées dans audit;fichiers utilisateur / état navigateur;JSON, Excel, HTML Drupal ou rapport;Drupal, navigateur, SheetJS/DOM/localStorage;voir audit;"élevé si identifiant/taxonomie/DOM; moyen sinon";core/adapters/* + studio/workflows;test-caracterisation-out-014;Entrées fixture -> sortie/DOM/rapport identique à l'existant;à reprendre;;Non-régression stricte
OUT-015;Outil migration;mapping multiple;Comportement existant audité: mapping multiple.;migration intranet v7.html;voir fonctions/zones listées dans audit;fichiers utilisateur / état navigateur;JSON, Excel, HTML Drupal ou rapport;Drupal, navigateur, SheetJS/DOM/localStorage;voir audit;"élevé si identifiant/taxonomie/DOM; moyen sinon";core/adapters/* + studio/workflows;test-caracterisation-out-015;Entrées fixture -> sortie/DOM/rapport identique à l'existant;à reprendre;;Non-régression stricte
OUT-016;Outil migration;mapping départemental;Comportement existant audité: mapping départemental.;migration intranet v7.html;voir fonctions/zones listées dans audit;fichiers utilisateur / état navigateur;JSON, Excel, HTML Drupal ou rapport;Drupal, navigateur, SheetJS/DOM/localStorage;voir audit;"élevé si identifiant/taxonomie/DOM; moyen sinon";core/adapters/* + studio/workflows;test-caracterisation-out-016;Entrées fixture -> sortie/DOM/rapport identique à l'existant;à reprendre;;Non-régression stricte
OUT-017;Outil migration;correspondance par titre;Comportement existant audité: correspondance par titre.;migration intranet v7.html;voir fonctions/zones listées dans audit;fichiers utilisateur / état navigateur;JSON, Excel, HTML Drupal ou rapport;Drupal, navigateur, SheetJS/DOM/localStorage;voir audit;"élevé si identifiant/taxonomie/DOM; moyen sinon";core/adapters/* + studio/workflows;test-caracterisation-out-017;Entrées fixture -> sortie/DOM/rapport identique à l'existant;à reprendre;;Non-régression stricte
OUT-018;Outil migration;correspondance par identifiants;Comportement existant audité: correspondance par identifiants.;migration intranet v7.html;voir fonctions/zones listées dans audit;fichiers utilisateur / état navigateur;JSON, Excel, HTML Drupal ou rapport;Drupal, navigateur, SheetJS/DOM/localStorage;voir audit;"élevé si identifiant/taxonomie/DOM; moyen sinon";core/adapters/* + studio/workflows;test-caracterisation-out-018;Entrées fixture -> sortie/DOM/rapport identique à l'existant;à reprendre;;Non-régression stricte
OUT-019;Outil migration;préfixes départementaux;Comportement existant audité: préfixes départementaux.;migration intranet v7.html;voir fonctions/zones listées dans audit;fichiers utilisateur / état navigateur;JSON, Excel, HTML Drupal ou rapport;Drupal, navigateur, SheetJS/DOM/localStorage;voir audit;"élevé si identifiant/taxonomie/DOM; moyen sinon";core/adapters/* + studio/workflows;test-caracterisation-out-019;Entrées fixture -> sortie/DOM/rapport identique à l'existant;à reprendre;;Non-régression stricte
OUT-020;Outil migration;contrôles groupes/lieux/UAI/RNE;Comportement existant audité: contrôles groupes/lieux/UAI/RNE.;migration intranet v7.html;voir fonctions/zones listées dans audit;fichiers utilisateur / état navigateur;JSON, Excel, HTML Drupal ou rapport;Drupal, navigateur, SheetJS/DOM/localStorage;voir audit;"élevé si identifiant/taxonomie/DOM; moyen sinon";core/adapters/* + studio/workflows;test-caracterisation-out-020;Entrées fixture -> sortie/DOM/rapport identique à l'existant;à reprendre;;Non-régression stricte
OUT-021;Outil migration;sélection des départements;Comportement existant audité: sélection des départements.;migration intranet v7.html;voir fonctions/zones listées dans audit;fichiers utilisateur / état navigateur;JSON, Excel, HTML Drupal ou rapport;Drupal, navigateur, SheetJS/DOM/localStorage;voir audit;"élevé si identifiant/taxonomie/DOM; moyen sinon";core/adapters/* + studio/workflows;test-caracterisation-out-021;Entrées fixture -> sortie/DOM/rapport identique à l'existant;à reprendre;;Non-régression stricte
OUT-022;Outil migration;duplication départementale;Comportement existant audité: duplication départementale.;migration intranet v7.html;voir fonctions/zones listées dans audit;fichiers utilisateur / état navigateur;JSON, Excel, HTML Drupal ou rapport;Drupal, navigateur, SheetJS/DOM/localStorage;voir audit;"élevé si identifiant/taxonomie/DOM; moyen sinon";core/adapters/* + studio/workflows;test-caracterisation-out-022;Entrées fixture -> sortie/DOM/rapport identique à l'existant;à reprendre;;Non-régression stricte
OUT-023;Outil migration;duplication bidépartementale;Comportement existant audité: duplication bidépartementale.;migration intranet v7.html;voir fonctions/zones listées dans audit;fichiers utilisateur / état navigateur;JSON, Excel, HTML Drupal ou rapport;Drupal, navigateur, SheetJS/DOM/localStorage;voir audit;"élevé si identifiant/taxonomie/DOM; moyen sinon";core/adapters/* + studio/workflows;test-caracterisation-out-023;Entrées fixture -> sortie/DOM/rapport identique à l'existant;à reprendre;;Non-régression stricte
OUT-024;Outil migration;prévisualisation Drupal;Comportement existant audité: prévisualisation Drupal.;migration intranet v7.html;voir fonctions/zones listées dans audit;fichiers utilisateur / état navigateur;JSON, Excel, HTML Drupal ou rapport;Drupal, navigateur, SheetJS/DOM/localStorage;voir audit;"élevé si identifiant/taxonomie/DOM; moyen sinon";core/adapters/* + studio/workflows;test-caracterisation-out-024;Entrées fixture -> sortie/DOM/rapport identique à l'existant;à reprendre;;Non-régression stricte
OUT-025;Outil migration;correction éditoriale;Comportement existant audité: correction éditoriale.;migration intranet v7.html;voir fonctions/zones listées dans audit;fichiers utilisateur / état navigateur;JSON, Excel, HTML Drupal ou rapport;Drupal, navigateur, SheetJS/DOM/localStorage;voir audit;"élevé si identifiant/taxonomie/DOM; moyen sinon";core/adapters/* + studio/workflows;test-caracterisation-out-025;Entrées fixture -> sortie/DOM/rapport identique à l'existant;à reprendre;;Non-régression stricte
OUT-026;Outil migration;annulation correction;Comportement existant audité: annulation correction.;migration intranet v7.html;voir fonctions/zones listées dans audit;fichiers utilisateur / état navigateur;JSON, Excel, HTML Drupal ou rapport;Drupal, navigateur, SheetJS/DOM/localStorage;voir audit;"élevé si identifiant/taxonomie/DOM; moyen sinon";core/adapters/* + studio/workflows;test-caracterisation-out-026;Entrées fixture -> sortie/DOM/rapport identique à l'existant;à reprendre;;Non-régression stricte
OUT-027;Outil migration;publics globaux;Comportement existant audité: publics globaux.;migration intranet v7.html;voir fonctions/zones listées dans audit;fichiers utilisateur / état navigateur;JSON, Excel, HTML Drupal ou rapport;Drupal, navigateur, SheetJS/DOM/localStorage;voir audit;"élevé si identifiant/taxonomie/DOM; moyen sinon";core/adapters/* + studio/workflows;test-caracterisation-out-027;Entrées fixture -> sortie/DOM/rapport identique à l'existant;à reprendre;;Non-régression stricte
OUT-028;Outil migration;publics par parcours;Comportement existant audité: publics par parcours.;migration intranet v7.html;voir fonctions/zones listées dans audit;fichiers utilisateur / état navigateur;JSON, Excel, HTML Drupal ou rapport;Drupal, navigateur, SheetJS/DOM/localStorage;voir audit;"élevé si identifiant/taxonomie/DOM; moyen sinon";core/adapters/* + studio/workflows;test-caracterisation-out-028;Entrées fixture -> sortie/DOM/rapport identique à l'existant;à reprendre;;Non-régression stricte
OUT-029;Outil migration;thématique globale;Comportement existant audité: thématique globale.;migration intranet v7.html;voir fonctions/zones listées dans audit;fichiers utilisateur / état navigateur;JSON, Excel, HTML Drupal ou rapport;Drupal, navigateur, SheetJS/DOM/localStorage;voir audit;"élevé si identifiant/taxonomie/DOM; moyen sinon";core/adapters/* + studio/workflows;test-caracterisation-out-029;Entrées fixture -> sortie/DOM/rapport identique à l'existant;à reprendre;;Non-régression stricte
OUT-030;Outil migration;thématique par parcours;Comportement existant audité: thématique par parcours.;migration intranet v7.html;voir fonctions/zones listées dans audit;fichiers utilisateur / état navigateur;JSON, Excel, HTML Drupal ou rapport;Drupal, navigateur, SheetJS/DOM/localStorage;voir audit;"élevé si identifiant/taxonomie/DOM; moyen sinon";core/adapters/* + studio/workflows;test-caracterisation-out-030;Entrées fixture -> sortie/DOM/rapport identique à l'existant;à reprendre;;Non-régression stricte
OUT-031;Outil migration;dates par défaut;Comportement existant audité: dates par défaut.;migration intranet v7.html;voir fonctions/zones listées dans audit;fichiers utilisateur / état navigateur;JSON, Excel, HTML Drupal ou rapport;Drupal, navigateur, SheetJS/DOM/localStorage;voir audit;"élevé si identifiant/taxonomie/DOM; moyen sinon";core/adapters/* + studio/workflows;test-caracterisation-out-031;Entrées fixture -> sortie/DOM/rapport identique à l'existant;à reprendre;;Non-régression stricte
OUT-032;Outil migration;contrôles qualité;Comportement existant audité: contrôles qualité.;migration intranet v7.html;voir fonctions/zones listées dans audit;fichiers utilisateur / état navigateur;JSON, Excel, HTML Drupal ou rapport;Drupal, navigateur, SheetJS/DOM/localStorage;voir audit;"élevé si identifiant/taxonomie/DOM; moyen sinon";core/adapters/* + studio/workflows;test-caracterisation-out-032;Entrées fixture -> sortie/DOM/rapport identique à l'existant;à reprendre;;Non-régression stricte
OUT-033;Outil migration;exports JSON;Comportement existant audité: exports JSON.;migration intranet v7.html;voir fonctions/zones listées dans audit;fichiers utilisateur / état navigateur;JSON, Excel, HTML Drupal ou rapport;Drupal, navigateur, SheetJS/DOM/localStorage;voir audit;"élevé si identifiant/taxonomie/DOM; moyen sinon";core/adapters/* + studio/workflows;test-caracterisation-out-033;Entrées fixture -> sortie/DOM/rapport identique à l'existant;à reprendre;;Non-régression stricte
OUT-034;Outil migration;exports CSV;Comportement existant audité: exports CSV.;migration intranet v7.html;voir fonctions/zones listées dans audit;fichiers utilisateur / état navigateur;JSON, Excel, HTML Drupal ou rapport;Drupal, navigateur, SheetJS/DOM/localStorage;voir audit;"élevé si identifiant/taxonomie/DOM; moyen sinon";core/adapters/* + studio/workflows;test-caracterisation-out-034;Entrées fixture -> sortie/DOM/rapport identique à l'existant;à reprendre;;Non-régression stricte
OUT-035;Outil migration;exports Excel;Comportement existant audité: exports Excel.;migration intranet v7.html;voir fonctions/zones listées dans audit;fichiers utilisateur / état navigateur;JSON, Excel, HTML Drupal ou rapport;Drupal, navigateur, SheetJS/DOM/localStorage;voir audit;"élevé si identifiant/taxonomie/DOM; moyen sinon";core/adapters/* + studio/workflows;test-caracterisation-out-035;Entrées fixture -> sortie/DOM/rapport identique à l'existant;à reprendre;;Non-régression stricte
OUT-036;Outil migration;sauvegarde locale;Comportement existant audité: sauvegarde locale.;migration intranet v7.html;voir fonctions/zones listées dans audit;fichiers utilisateur / état navigateur;JSON, Excel, HTML Drupal ou rapport;Drupal, navigateur, SheetJS/DOM/localStorage;voir audit;"élevé si identifiant/taxonomie/DOM; moyen sinon";core/adapters/* + studio/workflows;test-caracterisation-out-036;Entrées fixture -> sortie/DOM/rapport identique à l'existant;à reprendre;;Non-régression stricte
OUT-037;Outil migration;restauration;Comportement existant audité: restauration.;migration intranet v7.html;voir fonctions/zones listées dans audit;fichiers utilisateur / état navigateur;JSON, Excel, HTML Drupal ou rapport;Drupal, navigateur, SheetJS/DOM/localStorage;voir audit;"élevé si identifiant/taxonomie/DOM; moyen sinon";core/adapters/* + studio/workflows;test-caracterisation-out-037;Entrées fixture -> sortie/DOM/rapport identique à l'existant;à reprendre;;Non-régression stricte
OUT-038;Outil migration;réinitialisation;Comportement existant audité: réinitialisation.;migration intranet v7.html;voir fonctions/zones listées dans audit;fichiers utilisateur / état navigateur;JSON, Excel, HTML Drupal ou rapport;Drupal, navigateur, SheetJS/DOM/localStorage;voir audit;"élevé si identifiant/taxonomie/DOM; moyen sinon";core/adapters/* + studio/workflows;test-caracterisation-out-038;Entrées fixture -> sortie/DOM/rapport identique à l'existant;à reprendre;;Non-régression stricte
OUT-039;Outil migration;préparation mises à jour intranet;Comportement existant audité: préparation mises à jour intranet.;migration intranet v7.html;voir fonctions/zones listées dans audit;fichiers utilisateur / état navigateur;JSON, Excel, HTML Drupal ou rapport;Drupal, navigateur, SheetJS/DOM/localStorage;voir audit;"élevé si identifiant/taxonomie/DOM; moyen sinon";core/adapters/* + studio/workflows;test-caracterisation-out-039;Entrées fixture -> sortie/DOM/rapport identique à l'existant;à reprendre;;Non-régression stricte
OUT-040;Outil migration;prévisualisation différences;Comportement existant audité: prévisualisation différences.;migration intranet v7.html;voir fonctions/zones listées dans audit;fichiers utilisateur / état navigateur;JSON, Excel, HTML Drupal ou rapport;Drupal, navigateur, SheetJS/DOM/localStorage;voir audit;"élevé si identifiant/taxonomie/DOM; moyen sinon";core/adapters/* + studio/workflows;test-caracterisation-out-040;Entrées fixture -> sortie/DOM/rapport identique à l'existant;à reprendre;;Non-régression stricte
OUT-041;Outil migration;suppression de lignes;Comportement existant audité: suppression de lignes.;migration intranet v7.html;voir fonctions/zones listées dans audit;fichiers utilisateur / état navigateur;JSON, Excel, HTML Drupal ou rapport;Drupal, navigateur, SheetJS/DOM/localStorage;voir audit;"élevé si identifiant/taxonomie/DOM; moyen sinon";core/adapters/* + studio/workflows;test-caracterisation-out-041;Entrées fixture -> sortie/DOM/rapport identique à l'existant;à reprendre;;Non-régression stricte
OUT-042;Outil migration;restauration de lignes;Comportement existant audité: restauration de lignes.;migration intranet v7.html;voir fonctions/zones listées dans audit;fichiers utilisateur / état navigateur;JSON, Excel, HTML Drupal ou rapport;Drupal, navigateur, SheetJS/DOM/localStorage;voir audit;"élevé si identifiant/taxonomie/DOM; moyen sinon";core/adapters/* + studio/workflows;test-caracterisation-out-042;Entrées fixture -> sortie/DOM/rapport identique à l'existant;à reprendre;;Non-régression stricte
OUT-043;Outil migration;MAJ massive publics/thématiques;Comportement existant audité: MAJ massive publics/thématiques.;migration intranet v7.html;voir fonctions/zones listées dans audit;fichiers utilisateur / état navigateur;JSON, Excel, HTML Drupal ou rapport;Drupal, navigateur, SheetJS/DOM/localStorage;voir audit;"élevé si identifiant/taxonomie/DOM; moyen sinon";core/adapters/* + studio/workflows;test-caracterisation-out-043;Entrées fixture -> sortie/DOM/rapport identique à l'existant;à reprendre;;Non-régression stricte
OUT-044;Outil migration;mise à jour recensement;Comportement existant audité: mise à jour recensement.;migration intranet v7.html;voir fonctions/zones listées dans audit;fichiers utilisateur / état navigateur;JSON, Excel, HTML Drupal ou rapport;Drupal, navigateur, SheetJS/DOM/localStorage;voir audit;"élevé si identifiant/taxonomie/DOM; moyen sinon";core/adapters/* + studio/workflows;test-caracterisation-out-044;Entrées fixture -> sortie/DOM/rapport identique à l'existant;à reprendre;;Non-régression stricte
OUT-045;Outil migration;journalisation;Comportement existant audité: journalisation.;migration intranet v7.html;voir fonctions/zones listées dans audit;fichiers utilisateur / état navigateur;JSON, Excel, HTML Drupal ou rapport;Drupal, navigateur, SheetJS/DOM/localStorage;voir audit;"élevé si identifiant/taxonomie/DOM; moyen sinon";core/adapters/* + studio/workflows;test-caracterisation-out-045;Entrées fixture -> sortie/DOM/rapport identique à l'existant;à reprendre;;Non-régression stricte
CRÉ-046;Création;chargement create_pages;Comportement existant audité: chargement create_pages.;10_07_Tampermonkey Creation parcours intranet.txt;voir fonctions/zones listées dans audit;fichiers utilisateur / état navigateur;JSON, Excel, HTML Drupal ou rapport;Drupal, navigateur, SheetJS/DOM/localStorage;voir audit;"élevé si identifiant/taxonomie/DOM; moyen sinon";agent-drupal/* + adapters/legacy-create;test-caracterisation-cré-046;Entrées fixture -> sortie/DOM/rapport identique à l'existant;à reprendre;;Non-régression stricte
CRÉ-047;Création;parsing JSON avec/sans bloc Markdown;Comportement existant audité: parsing JSON avec/sans bloc Markdown.;10_07_Tampermonkey Creation parcours intranet.txt;voir fonctions/zones listées dans audit;fichiers utilisateur / état navigateur;JSON, Excel, HTML Drupal ou rapport;Drupal, navigateur, SheetJS/DOM/localStorage;voir audit;"élevé si identifiant/taxonomie/DOM; moyen sinon";agent-drupal/* + adapters/legacy-create;test-caracterisation-cré-047;Entrées fixture -> sortie/DOM/rapport identique à l'existant;à reprendre;;Non-régression stricte
CRÉ-048;Création;navigation formulaire Formation;Comportement existant audité: navigation formulaire Formation.;10_07_Tampermonkey Creation parcours intranet.txt;voir fonctions/zones listées dans audit;fichiers utilisateur / état navigateur;JSON, Excel, HTML Drupal ou rapport;Drupal, navigateur, SheetJS/DOM/localStorage;voir audit;"élevé si identifiant/taxonomie/DOM; moyen sinon";agent-drupal/* + adapters/legacy-create;test-caracterisation-cré-048;Entrées fixture -> sortie/DOM/rapport identique à l'existant;à reprendre;;Non-régression stricte
CRÉ-049;Création;menu Seeds Add;Comportement existant audité: menu Seeds Add.;10_07_Tampermonkey Creation parcours intranet.txt;voir fonctions/zones listées dans audit;fichiers utilisateur / état navigateur;JSON, Excel, HTML Drupal ou rapport;Drupal, navigateur, SheetJS/DOM/localStorage;voir audit;"élevé si identifiant/taxonomie/DOM; moyen sinon";agent-drupal/* + adapters/legacy-create;test-caracterisation-cré-049;Entrées fixture -> sortie/DOM/rapport identique à l'existant;à reprendre;;Non-régression stricte
CRÉ-050;Création;titre;Comportement existant audité: titre.;10_07_Tampermonkey Creation parcours intranet.txt;voir fonctions/zones listées dans audit;fichiers utilisateur / état navigateur;JSON, Excel, HTML Drupal ou rapport;Drupal, navigateur, SheetJS/DOM/localStorage;voir audit;"élevé si identifiant/taxonomie/DOM; moyen sinon";agent-drupal/* + adapters/legacy-create;test-caracterisation-cré-050;Entrées fixture -> sortie/DOM/rapport identique à l'existant;à reprendre;;Non-régression stricte
CRÉ-051;Création;chapo;Comportement existant audité: chapo.;10_07_Tampermonkey Creation parcours intranet.txt;voir fonctions/zones listées dans audit;fichiers utilisateur / état navigateur;JSON, Excel, HTML Drupal ou rapport;Drupal, navigateur, SheetJS/DOM/localStorage;voir audit;"élevé si identifiant/taxonomie/DOM; moyen sinon";agent-drupal/* + adapters/legacy-create;test-caracterisation-cré-051;Entrées fixture -> sortie/DOM/rapport identique à l'existant;à reprendre;;Non-régression stricte
CRÉ-052;Création;médiathèque;Comportement existant audité: médiathèque.;10_07_Tampermonkey Creation parcours intranet.txt;voir fonctions/zones listées dans audit;fichiers utilisateur / état navigateur;JSON, Excel, HTML Drupal ou rapport;Drupal, navigateur, SheetJS/DOM/localStorage;voir audit;"élevé si identifiant/taxonomie/DOM; moyen sinon";agent-drupal/* + adapters/legacy-create;test-caracterisation-cré-052;Entrées fixture -> sortie/DOM/rapport identique à l'existant;à reprendre;;Non-régression stricte
CRÉ-053;Création;dossier Bannières;Comportement existant audité: dossier Bannières.;10_07_Tampermonkey Creation parcours intranet.txt;voir fonctions/zones listées dans audit;fichiers utilisateur / état navigateur;JSON, Excel, HTML Drupal ou rapport;Drupal, navigateur, SheetJS/DOM/localStorage;voir audit;"élevé si identifiant/taxonomie/DOM; moyen sinon";agent-drupal/* + adapters/legacy-create;test-caracterisation-cré-053;Entrées fixture -> sortie/DOM/rapport identique à l'existant;à reprendre;;Non-régression stricte
CRÉ-054;Création;choix aléatoire image;Comportement existant audité: choix aléatoire image.;10_07_Tampermonkey Creation parcours intranet.txt;voir fonctions/zones listées dans audit;fichiers utilisateur / état navigateur;JSON, Excel, HTML Drupal ou rapport;Drupal, navigateur, SheetJS/DOM/localStorage;voir audit;"élevé si identifiant/taxonomie/DOM; moyen sinon";agent-drupal/* + adapters/legacy-create;test-caracterisation-cré-054;Entrées fixture -> sortie/DOM/rapport identique à l'existant;à reprendre;;Non-régression stricte
CRÉ-055;Création;page suivante médiathèque;Comportement existant audité: page suivante médiathèque.;10_07_Tampermonkey Creation parcours intranet.txt;voir fonctions/zones listées dans audit;fichiers utilisateur / état navigateur;JSON, Excel, HTML Drupal ou rapport;Drupal, navigateur, SheetJS/DOM/localStorage;voir audit;"élevé si identifiant/taxonomie/DOM; moyen sinon";agent-drupal/* + adapters/legacy-create;test-caracterisation-cré-055;Entrées fixture -> sortie/DOM/rapport identique à l'existant;à reprendre;;Non-régression stricte
CRÉ-056;Création;thématiques;Comportement existant audité: thématiques.;10_07_Tampermonkey Creation parcours intranet.txt;voir fonctions/zones listées dans audit;fichiers utilisateur / état navigateur;JSON, Excel, HTML Drupal ou rapport;Drupal, navigateur, SheetJS/DOM/localStorage;voir audit;"élevé si identifiant/taxonomie/DOM; moyen sinon";agent-drupal/* + adapters/legacy-create;test-caracterisation-cré-056;Entrées fixture -> sortie/DOM/rapport identique à l'existant;à reprendre;;Non-régression stricte
CRÉ-057;Création;valeurs obligatoires création;Comportement existant audité: valeurs obligatoires création.;10_07_Tampermonkey Creation parcours intranet.txt;voir fonctions/zones listées dans audit;fichiers utilisateur / état navigateur;JSON, Excel, HTML Drupal ou rapport;Drupal, navigateur, SheetJS/DOM/localStorage;voir audit;"élevé si identifiant/taxonomie/DOM; moyen sinon";agent-drupal/* + adapters/legacy-create;test-caracterisation-cré-057;Entrées fixture -> sortie/DOM/rapport identique à l'existant;à reprendre;;Non-régression stricte
CRÉ-058;Création;autocomplete Drupal;Comportement existant audité: autocomplete Drupal.;10_07_Tampermonkey Creation parcours intranet.txt;voir fonctions/zones listées dans audit;fichiers utilisateur / état navigateur;JSON, Excel, HTML Drupal ou rapport;Drupal, navigateur, SheetJS/DOM/localStorage;voir audit;"élevé si identifiant/taxonomie/DOM; moyen sinon";agent-drupal/* + adapters/legacy-create;test-caracterisation-cré-058;Entrées fixture -> sortie/DOM/rapport identique à l'existant;à reprendre;;Non-régression stricte
CRÉ-059;Création;sélection réelle proposition;Comportement existant audité: sélection réelle proposition.;10_07_Tampermonkey Creation parcours intranet.txt;voir fonctions/zones listées dans audit;fichiers utilisateur / état navigateur;JSON, Excel, HTML Drupal ou rapport;Drupal, navigateur, SheetJS/DOM/localStorage;voir audit;"élevé si identifiant/taxonomie/DOM; moyen sinon";agent-drupal/* + adapters/legacy-create;test-caracterisation-cré-059;Entrées fixture -> sortie/DOM/rapport identique à l'existant;à reprendre;;Non-régression stricte
CRÉ-060;Création;métiers et publics;Comportement existant audité: métiers et publics.;10_07_Tampermonkey Creation parcours intranet.txt;voir fonctions/zones listées dans audit;fichiers utilisateur / état navigateur;JSON, Excel, HTML Drupal ou rapport;Drupal, navigateur, SheetJS/DOM/localStorage;voir audit;"élevé si identifiant/taxonomie/DOM; moyen sinon";agent-drupal/* + adapters/legacy-create;test-caracterisation-cré-060;Entrées fixture -> sortie/DOM/rapport identique à l'existant;à reprendre;;Non-régression stricte
CRÉ-061;Création;chemins Fancytree;Comportement existant audité: chemins Fancytree.;10_07_Tampermonkey Creation parcours intranet.txt;voir fonctions/zones listées dans audit;fichiers utilisateur / état navigateur;JSON, Excel, HTML Drupal ou rapport;Drupal, navigateur, SheetJS/DOM/localStorage;voir audit;"élevé si identifiant/taxonomie/DOM; moyen sinon";agent-drupal/* + adapters/legacy-create;test-caracterisation-cré-061;Entrées fixture -> sortie/DOM/rapport identique à l'existant;à reprendre;;Non-régression stricte
CRÉ-062;Création;géographie;Comportement existant audité: géographie.;10_07_Tampermonkey Creation parcours intranet.txt;voir fonctions/zones listées dans audit;fichiers utilisateur / état navigateur;JSON, Excel, HTML Drupal ou rapport;Drupal, navigateur, SheetJS/DOM/localStorage;voir audit;"élevé si identifiant/taxonomie/DOM; moyen sinon";agent-drupal/* + adapters/legacy-create;test-caracterisation-cré-062;Entrées fixture -> sortie/DOM/rapport identique à l'existant;à reprendre;;Non-régression stricte
CRÉ-063;Création;académie par défaut;Comportement existant audité: académie par défaut.;10_07_Tampermonkey Creation parcours intranet.txt;voir fonctions/zones listées dans audit;fichiers utilisateur / état navigateur;JSON, Excel, HTML Drupal ou rapport;Drupal, navigateur, SheetJS/DOM/localStorage;voir audit;"élevé si identifiant/taxonomie/DOM; moyen sinon";agent-drupal/* + adapters/legacy-create;test-caracterisation-cré-063;Entrées fixture -> sortie/DOM/rapport identique à l'existant;à reprendre;;Non-régression stricte
CRÉ-064;Création;départements;Comportement existant audité: départements.;10_07_Tampermonkey Creation parcours intranet.txt;voir fonctions/zones listées dans audit;fichiers utilisateur / état navigateur;JSON, Excel, HTML Drupal ou rapport;Drupal, navigateur, SheetJS/DOM/localStorage;voir audit;"élevé si identifiant/taxonomie/DOM; moyen sinon";agent-drupal/* + adapters/legacy-create;test-caracterisation-cré-064;Entrées fixture -> sortie/DOM/rapport identique à l'existant;à reprendre;;Non-régression stricte
CRÉ-065;Création;CKEditor;Comportement existant audité: CKEditor.;10_07_Tampermonkey Creation parcours intranet.txt;voir fonctions/zones listées dans audit;fichiers utilisateur / état navigateur;JSON, Excel, HTML Drupal ou rapport;Drupal, navigateur, SheetJS/DOM/localStorage;voir audit;"élevé si identifiant/taxonomie/DOM; moyen sinon";agent-drupal/* + adapters/legacy-create;test-caracterisation-cré-065;Entrées fixture -> sortie/DOM/rapport identique à l'existant;à reprendre;;Non-régression stricte
CRÉ-066;Création;formatage avancé;Comportement existant audité: formatage avancé.;10_07_Tampermonkey Creation parcours intranet.txt;voir fonctions/zones listées dans audit;fichiers utilisateur / état navigateur;JSON, Excel, HTML Drupal ou rapport;Drupal, navigateur, SheetJS/DOM/localStorage;voir audit;"élevé si identifiant/taxonomie/DOM; moyen sinon";agent-drupal/* + adapters/legacy-create;test-caracterisation-cré-066;Entrées fixture -> sortie/DOM/rapport identique à l'existant;à reprendre;;Non-régression stricte
CRÉ-067;Création;mode Source;Comportement existant audité: mode Source.;10_07_Tampermonkey Creation parcours intranet.txt;voir fonctions/zones listées dans audit;fichiers utilisateur / état navigateur;JSON, Excel, HTML Drupal ou rapport;Drupal, navigateur, SheetJS/DOM/localStorage;voir audit;"élevé si identifiant/taxonomie/DOM; moyen sinon";agent-drupal/* + adapters/legacy-create;test-caracterisation-cré-067;Entrées fixture -> sortie/DOM/rapport identique à l'existant;à reprendre;;Non-régression stricte
CRÉ-068;Création;injection HTML;Comportement existant audité: injection HTML.;10_07_Tampermonkey Creation parcours intranet.txt;voir fonctions/zones listées dans audit;fichiers utilisateur / état navigateur;JSON, Excel, HTML Drupal ou rapport;Drupal, navigateur, SheetJS/DOM/localStorage;voir audit;"élevé si identifiant/taxonomie/DOM; moyen sinon";agent-drupal/* + adapters/legacy-create;test-caracterisation-cré-068;Entrées fixture -> sortie/DOM/rapport identique à l'existant;à reprendre;;Non-régression stricte
CRÉ-069;Création;unités places/heures;Comportement existant audité: unités places/heures.;10_07_Tampermonkey Creation parcours intranet.txt;voir fonctions/zones listées dans audit;fichiers utilisateur / état navigateur;JSON, Excel, HTML Drupal ou rapport;Drupal, navigateur, SheetJS/DOM/localStorage;voir audit;"élevé si identifiant/taxonomie/DOM; moyen sinon";agent-drupal/* + adapters/legacy-create;test-caracterisation-cré-069;Entrées fixture -> sortie/DOM/rapport identique à l'existant;à reprendre;;Non-régression stricte
CRÉ-070;Création;section Bas de page;Comportement existant audité: section Bas de page.;10_07_Tampermonkey Creation parcours intranet.txt;voir fonctions/zones listées dans audit;fichiers utilisateur / état navigateur;JSON, Excel, HTML Drupal ou rapport;Drupal, navigateur, SheetJS/DOM/localStorage;voir audit;"élevé si identifiant/taxonomie/DOM; moyen sinon";agent-drupal/* + adapters/legacy-create;test-caracterisation-cré-070;Entrées fixture -> sortie/DOM/rapport identique à l'existant;à reprendre;;Non-régression stricte
CRÉ-071;Création;lien Retour à la page Ma formation;Comportement existant audité: lien Retour à la page Ma formation.;10_07_Tampermonkey Creation parcours intranet.txt;voir fonctions/zones listées dans audit;fichiers utilisateur / état navigateur;JSON, Excel, HTML Drupal ou rapport;Drupal, navigateur, SheetJS/DOM/localStorage;voir audit;"élevé si identifiant/taxonomie/DOM; moyen sinon";agent-drupal/* + adapters/legacy-create;test-caracterisation-cré-071;Entrées fixture -> sortie/DOM/rapport identique à l'existant;à reprendre;;Non-régression stricte
CRÉ-072;Création;secours CKEditor;Comportement existant audité: secours CKEditor.;10_07_Tampermonkey Creation parcours intranet.txt;voir fonctions/zones listées dans audit;fichiers utilisateur / état navigateur;JSON, Excel, HTML Drupal ou rapport;Drupal, navigateur, SheetJS/DOM/localStorage;voir audit;"élevé si identifiant/taxonomie/DOM; moyen sinon";agent-drupal/* + adapters/legacy-create;test-caracterisation-cré-072;Entrées fixture -> sortie/DOM/rapport identique à l'existant;à reprendre;;Non-régression stricte
CRÉ-073;Création;compatibilité Firefox;Comportement existant audité: compatibilité Firefox.;10_07_Tampermonkey Creation parcours intranet.txt;voir fonctions/zones listées dans audit;fichiers utilisateur / état navigateur;JSON, Excel, HTML Drupal ou rapport;Drupal, navigateur, SheetJS/DOM/localStorage;voir audit;"élevé si identifiant/taxonomie/DOM; moyen sinon";agent-drupal/* + adapters/legacy-create;test-caracterisation-cré-073;Entrées fixture -> sortie/DOM/rapport identique à l'existant;à reprendre;;Non-régression stricte
CRÉ-074;Création;mode sécurité;Comportement existant audité: mode sécurité.;10_07_Tampermonkey Creation parcours intranet.txt;voir fonctions/zones listées dans audit;fichiers utilisateur / état navigateur;JSON, Excel, HTML Drupal ou rapport;Drupal, navigateur, SheetJS/DOM/localStorage;voir audit;"élevé si identifiant/taxonomie/DOM; moyen sinon";agent-drupal/* + adapters/legacy-create;test-caracterisation-cré-074;Entrées fixture -> sortie/DOM/rapport identique à l'existant;à reprendre;;Non-régression stricte
CRÉ-075;Création;surbrillance clics;Comportement existant audité: surbrillance clics.;10_07_Tampermonkey Creation parcours intranet.txt;voir fonctions/zones listées dans audit;fichiers utilisateur / état navigateur;JSON, Excel, HTML Drupal ou rapport;Drupal, navigateur, SheetJS/DOM/localStorage;voir audit;"élevé si identifiant/taxonomie/DOM; moyen sinon";agent-drupal/* + adapters/legacy-create;test-caracterisation-cré-075;Entrées fixture -> sortie/DOM/rapport identique à l'existant;à reprendre;;Non-régression stricte
CRÉ-076;Création;pause;Comportement existant audité: pause.;10_07_Tampermonkey Creation parcours intranet.txt;voir fonctions/zones listées dans audit;fichiers utilisateur / état navigateur;JSON, Excel, HTML Drupal ou rapport;Drupal, navigateur, SheetJS/DOM/localStorage;voir audit;"élevé si identifiant/taxonomie/DOM; moyen sinon";agent-drupal/* + adapters/legacy-create;test-caracterisation-cré-076;Entrées fixture -> sortie/DOM/rapport identique à l'existant;à reprendre;;Non-régression stricte
CRÉ-077;Création;reprise;Comportement existant audité: reprise.;10_07_Tampermonkey Creation parcours intranet.txt;voir fonctions/zones listées dans audit;fichiers utilisateur / état navigateur;JSON, Excel, HTML Drupal ou rapport;Drupal, navigateur, SheetJS/DOM/localStorage;voir audit;"élevé si identifiant/taxonomie/DOM; moyen sinon";agent-drupal/* + adapters/legacy-create;test-caracterisation-cré-077;Entrées fixture -> sortie/DOM/rapport identique à l'existant;à reprendre;;Non-régression stricte
CRÉ-078;Création;reprise après navigation;Comportement existant audité: reprise après navigation.;10_07_Tampermonkey Creation parcours intranet.txt;voir fonctions/zones listées dans audit;fichiers utilisateur / état navigateur;JSON, Excel, HTML Drupal ou rapport;Drupal, navigateur, SheetJS/DOM/localStorage;voir audit;"élevé si identifiant/taxonomie/DOM; moyen sinon";agent-drupal/* + adapters/legacy-create;test-caracterisation-cré-078;Entrées fixture -> sortie/DOM/rapport identique à l'existant;à reprendre;;Non-régression stricte
CRÉ-079;Création;récupération Node ID;Comportement existant audité: récupération Node ID.;10_07_Tampermonkey Creation parcours intranet.txt;voir fonctions/zones listées dans audit;fichiers utilisateur / état navigateur;JSON, Excel, HTML Drupal ou rapport;Drupal, navigateur, SheetJS/DOM/localStorage;voir audit;"élevé si identifiant/taxonomie/DOM; moyen sinon";agent-drupal/* + adapters/legacy-create;test-caracterisation-cré-079;Entrées fixture -> sortie/DOM/rapport identique à l'existant;à reprendre;;Non-régression stricte
CRÉ-080;Création;récupération URL;Comportement existant audité: récupération URL.;10_07_Tampermonkey Creation parcours intranet.txt;voir fonctions/zones listées dans audit;fichiers utilisateur / état navigateur;JSON, Excel, HTML Drupal ou rapport;Drupal, navigateur, SheetJS/DOM/localStorage;voir audit;"élevé si identifiant/taxonomie/DOM; moyen sinon";agent-drupal/* + adapters/legacy-create;test-caracterisation-cré-080;Entrées fixture -> sortie/DOM/rapport identique à l'existant;à reprendre;;Non-régression stricte
CRÉ-081;Création;export bilan création;Comportement existant audité: export bilan création.;10_07_Tampermonkey Creation parcours intranet.txt;voir fonctions/zones listées dans audit;fichiers utilisateur / état navigateur;JSON, Excel, HTML Drupal ou rapport;Drupal, navigateur, SheetJS/DOM/localStorage;voir audit;"élevé si identifiant/taxonomie/DOM; moyen sinon";agent-drupal/* + adapters/legacy-create;test-caracterisation-cré-081;Entrées fixture -> sortie/DOM/rapport identique à l'existant;à reprendre;;Non-régression stricte
CRÉ-082;Création;API diagnostic;Comportement existant audité: API diagnostic.;10_07_Tampermonkey Creation parcours intranet.txt;voir fonctions/zones listées dans audit;fichiers utilisateur / état navigateur;JSON, Excel, HTML Drupal ou rapport;Drupal, navigateur, SheetJS/DOM/localStorage;voir audit;"élevé si identifiant/taxonomie/DOM; moyen sinon";agent-drupal/* + adapters/legacy-create;test-caracterisation-cré-082;Entrées fixture -> sortie/DOM/rapport identique à l'existant;à reprendre;;Non-régression stricte
MIS-083;Mise à jour;import mapping JSON;Comportement existant audité: import mapping JSON.;MAJ 1.8.08.txt;voir fonctions/zones listées dans audit;fichiers utilisateur / état navigateur;JSON, Excel, HTML Drupal ou rapport;Drupal, navigateur, SheetJS/DOM/localStorage;voir audit;"élevé si identifiant/taxonomie/DOM; moyen sinon";agent-drupal/* + adapters/drupal-job-v2;test-caracterisation-mis-083;Entrées fixture -> sortie/DOM/rapport identique à l'existant;à reprendre;;Non-régression stricte
MIS-084;Mise à jour;import Excel Sofia-FMO;Comportement existant audité: import Excel Sofia-FMO.;MAJ 1.8.08.txt;voir fonctions/zones listées dans audit;fichiers utilisateur / état navigateur;JSON, Excel, HTML Drupal ou rapport;Drupal, navigateur, SheetJS/DOM/localStorage;voir audit;"élevé si identifiant/taxonomie/DOM; moyen sinon";agent-drupal/* + adapters/drupal-job-v2;test-caracterisation-mis-084;Entrées fixture -> sortie/DOM/rapport identique à l'existant;à reprendre;;Non-régression stricte
MIS-085;Mise à jour;import payload intranet;Comportement existant audité: import payload intranet.;MAJ 1.8.08.txt;voir fonctions/zones listées dans audit;fichiers utilisateur / état navigateur;JSON, Excel, HTML Drupal ou rapport;Drupal, navigateur, SheetJS/DOM/localStorage;voir audit;"élevé si identifiant/taxonomie/DOM; moyen sinon";agent-drupal/* + adapters/drupal-job-v2;test-caracterisation-mis-085;Entrées fixture -> sortie/DOM/rapport identique à l'existant;à reprendre;;Non-régression stricte
MIS-086;Mise à jour;sélection workflow;Comportement existant audité: sélection workflow.;MAJ 1.8.08.txt;voir fonctions/zones listées dans audit;fichiers utilisateur / état navigateur;JSON, Excel, HTML Drupal ou rapport;Drupal, navigateur, SheetJS/DOM/localStorage;voir audit;"élevé si identifiant/taxonomie/DOM; moyen sinon";agent-drupal/* + adapters/drupal-job-v2;test-caracterisation-mis-086;Entrées fixture -> sortie/DOM/rapport identique à l'existant;à reprendre;;Non-régression stricte
MIS-087;Mise à jour;correspondance dispositif;Comportement existant audité: correspondance dispositif.;MAJ 1.8.08.txt;voir fonctions/zones listées dans audit;fichiers utilisateur / état navigateur;JSON, Excel, HTML Drupal ou rapport;Drupal, navigateur, SheetJS/DOM/localStorage;voir audit;"élevé si identifiant/taxonomie/DOM; moyen sinon";agent-drupal/* + adapters/drupal-job-v2;test-caracterisation-mis-087;Entrées fixture -> sortie/DOM/rapport identique à l'existant;à reprendre;;Non-régression stricte
MIS-088;Mise à jour;module;Comportement existant audité: module.;MAJ 1.8.08.txt;voir fonctions/zones listées dans audit;fichiers utilisateur / état navigateur;JSON, Excel, HTML Drupal ou rapport;Drupal, navigateur, SheetJS/DOM/localStorage;voir audit;"élevé si identifiant/taxonomie/DOM; moyen sinon";agent-drupal/* + adapters/drupal-job-v2;test-caracterisation-mis-088;Entrées fixture -> sortie/DOM/rapport identique à l'existant;à reprendre;;Non-régression stricte
MIS-089;Mise à jour;groupe;Comportement existant audité: groupe.;MAJ 1.8.08.txt;voir fonctions/zones listées dans audit;fichiers utilisateur / état navigateur;JSON, Excel, HTML Drupal ou rapport;Drupal, navigateur, SheetJS/DOM/localStorage;voir audit;"élevé si identifiant/taxonomie/DOM; moyen sinon";agent-drupal/* + adapters/drupal-job-v2;test-caracterisation-mis-089;Entrées fixture -> sortie/DOM/rapport identique à l'existant;à reprendre;;Non-régression stricte
MIS-090;Mise à jour;RNE;Comportement existant audité: RNE.;MAJ 1.8.08.txt;voir fonctions/zones listées dans audit;fichiers utilisateur / état navigateur;JSON, Excel, HTML Drupal ou rapport;Drupal, navigateur, SheetJS/DOM/localStorage;voir audit;"élevé si identifiant/taxonomie/DOM; moyen sinon";agent-drupal/* + adapters/drupal-job-v2;test-caracterisation-mis-090;Entrées fixture -> sortie/DOM/rapport identique à l'existant;à reprendre;;Non-régression stricte
MIS-091;Mise à jour;territoire;Comportement existant audité: territoire.;MAJ 1.8.08.txt;voir fonctions/zones listées dans audit;fichiers utilisateur / état navigateur;JSON, Excel, HTML Drupal ou rapport;Drupal, navigateur, SheetJS/DOM/localStorage;voir audit;"élevé si identifiant/taxonomie/DOM; moyen sinon";agent-drupal/* + adapters/drupal-job-v2;test-caracterisation-mis-091;Entrées fixture -> sortie/DOM/rapport identique à l'existant;à reprendre;;Non-régression stricte
MIS-092;Mise à jour;plusieurs sessions;Comportement existant audité: plusieurs sessions.;MAJ 1.8.08.txt;voir fonctions/zones listées dans audit;fichiers utilisateur / état navigateur;JSON, Excel, HTML Drupal ou rapport;Drupal, navigateur, SheetJS/DOM/localStorage;voir audit;"élevé si identifiant/taxonomie/DOM; moyen sinon";agent-drupal/* + adapters/drupal-job-v2;test-caracterisation-mis-092;Entrées fixture -> sortie/DOM/rapport identique à l'existant;à reprendre;;Non-régression stricte
MIS-093;Mise à jour;dates;Comportement existant audité: dates.;MAJ 1.8.08.txt;voir fonctions/zones listées dans audit;fichiers utilisateur / état navigateur;JSON, Excel, HTML Drupal ou rapport;Drupal, navigateur, SheetJS/DOM/localStorage;voir audit;"élevé si identifiant/taxonomie/DOM; moyen sinon";agent-drupal/* + adapters/drupal-job-v2;test-caracterisation-mis-093;Entrées fixture -> sortie/DOM/rapport identique à l'existant;à reprendre;;Non-régression stricte
MIS-094;Mise à jour;lieux;Comportement existant audité: lieux.;MAJ 1.8.08.txt;voir fonctions/zones listées dans audit;fichiers utilisateur / état navigateur;JSON, Excel, HTML Drupal ou rapport;Drupal, navigateur, SheetJS/DOM/localStorage;voir audit;"élevé si identifiant/taxonomie/DOM; moyen sinon";agent-drupal/* + adapters/drupal-job-v2;test-caracterisation-mis-094;Entrées fixture -> sortie/DOM/rapport identique à l'existant;à reprendre;;Non-régression stricte
MIS-095;Mise à jour;places restantes;Comportement existant audité: places restantes.;MAJ 1.8.08.txt;voir fonctions/zones listées dans audit;fichiers utilisateur / état navigateur;JSON, Excel, HTML Drupal ou rapport;Drupal, navigateur, SheetJS/DOM/localStorage;voir audit;"élevé si identifiant/taxonomie/DOM; moyen sinon";agent-drupal/* + adapters/drupal-job-v2;test-caracterisation-mis-095;Entrées fixture -> sortie/DOM/rapport identique à l'existant;à reprendre;;Non-régression stricte
MIS-096;Mise à jour;lien préinscription;Comportement existant audité: lien préinscription.;MAJ 1.8.08.txt;voir fonctions/zones listées dans audit;fichiers utilisateur / état navigateur;JSON, Excel, HTML Drupal ou rapport;Drupal, navigateur, SheetJS/DOM/localStorage;voir audit;"élevé si identifiant/taxonomie/DOM; moyen sinon";agent-drupal/* + adapters/drupal-job-v2;test-caracterisation-mis-096;Entrées fixture -> sortie/DOM/rapport identique à l'existant;à reprendre;;Non-régression stricte
MIS-097;Mise à jour;mise en avant;Comportement existant audité: mise en avant.;MAJ 1.8.08.txt;voir fonctions/zones listées dans audit;fichiers utilisateur / état navigateur;JSON, Excel, HTML Drupal ou rapport;Drupal, navigateur, SheetJS/DOM/localStorage;voir audit;"élevé si identifiant/taxonomie/DOM; moyen sinon";agent-drupal/* + adapters/drupal-job-v2;test-caracterisation-mis-097;Entrées fixture -> sortie/DOM/rapport identique à l'existant;à reprendre;;Non-régression stricte
MIS-098;Mise à jour;bouton préinscription;Comportement existant audité: bouton préinscription.;MAJ 1.8.08.txt;voir fonctions/zones listées dans audit;fichiers utilisateur / état navigateur;JSON, Excel, HTML Drupal ou rapport;Drupal, navigateur, SheetJS/DOM/localStorage;voir audit;"élevé si identifiant/taxonomie/DOM; moyen sinon";agent-drupal/* + adapters/drupal-job-v2;test-caracterisation-mis-098;Entrées fixture -> sortie/DOM/rapport identique à l'existant;à reprendre;;Non-régression stricte
MIS-099;Mise à jour;couleur Bleu cumulus;Comportement existant audité: couleur Bleu cumulus.;MAJ 1.8.08.txt;voir fonctions/zones listées dans audit;fichiers utilisateur / état navigateur;JSON, Excel, HTML Drupal ou rapport;Drupal, navigateur, SheetJS/DOM/localStorage;voir audit;"élevé si identifiant/taxonomie/DOM; moyen sinon";agent-drupal/* + adapters/drupal-job-v2;test-caracterisation-mis-099;Entrées fixture -> sortie/DOM/rapport identique à l'existant;à reprendre;;Non-régression stricte
MIS-100;Mise à jour;modification HTML;Comportement existant audité: modification HTML.;MAJ 1.8.08.txt;voir fonctions/zones listées dans audit;fichiers utilisateur / état navigateur;JSON, Excel, HTML Drupal ou rapport;Drupal, navigateur, SheetJS/DOM/localStorage;voir audit;"élevé si identifiant/taxonomie/DOM; moyen sinon";agent-drupal/* + adapters/drupal-job-v2;test-caracterisation-mis-100;Entrées fixture -> sortie/DOM/rapport identique à l'existant;à reprendre;;Non-régression stricte
MIS-101;Mise à jour;modification titre;Comportement existant audité: modification titre.;MAJ 1.8.08.txt;voir fonctions/zones listées dans audit;fichiers utilisateur / état navigateur;JSON, Excel, HTML Drupal ou rapport;Drupal, navigateur, SheetJS/DOM/localStorage;voir audit;"élevé si identifiant/taxonomie/DOM; moyen sinon";agent-drupal/* + adapters/drupal-job-v2;test-caracterisation-mis-101;Entrées fixture -> sortie/DOM/rapport identique à l'existant;à reprendre;;Non-régression stricte
MIS-102;Mise à jour;objectif;Comportement existant audité: objectif.;MAJ 1.8.08.txt;voir fonctions/zones listées dans audit;fichiers utilisateur / état navigateur;JSON, Excel, HTML Drupal ou rapport;Drupal, navigateur, SheetJS/DOM/localStorage;voir audit;"élevé si identifiant/taxonomie/DOM; moyen sinon";agent-drupal/* + adapters/drupal-job-v2;test-caracterisation-mis-102;Entrées fixture -> sortie/DOM/rapport identique à l'existant;à reprendre;;Non-régression stricte
MIS-103;Mise à jour;contenu;Comportement existant audité: contenu.;MAJ 1.8.08.txt;voir fonctions/zones listées dans audit;fichiers utilisateur / état navigateur;JSON, Excel, HTML Drupal ou rapport;Drupal, navigateur, SheetJS/DOM/localStorage;voir audit;"élevé si identifiant/taxonomie/DOM; moyen sinon";agent-drupal/* + adapters/drupal-job-v2;test-caracterisation-mis-103;Entrées fixture -> sortie/DOM/rapport identique à l'existant;à reprendre;;Non-régression stricte
MIS-104;Mise à jour;accessibilité;Comportement existant audité: accessibilité.;MAJ 1.8.08.txt;voir fonctions/zones listées dans audit;fichiers utilisateur / état navigateur;JSON, Excel, HTML Drupal ou rapport;Drupal, navigateur, SheetJS/DOM/localStorage;voir audit;"élevé si identifiant/taxonomie/DOM; moyen sinon";agent-drupal/* + adapters/drupal-job-v2;test-caracterisation-mis-104;Entrées fixture -> sortie/DOM/rapport identique à l'existant;à reprendre;;Non-régression stricte
MIS-105;Mise à jour;mise en place;Comportement existant audité: mise en place.;MAJ 1.8.08.txt;voir fonctions/zones listées dans audit;fichiers utilisateur / état navigateur;JSON, Excel, HTML Drupal ou rapport;Drupal, navigateur, SheetJS/DOM/localStorage;voir audit;"élevé si identifiant/taxonomie/DOM; moyen sinon";agent-drupal/* + adapters/drupal-job-v2;test-caracterisation-mis-105;Entrées fixture -> sortie/DOM/rapport identique à l'existant;à reprendre;;Non-régression stricte
MIS-106;Mise à jour;effectif;Comportement existant audité: effectif.;MAJ 1.8.08.txt;voir fonctions/zones listées dans audit;fichiers utilisateur / état navigateur;JSON, Excel, HTML Drupal ou rapport;Drupal, navigateur, SheetJS/DOM/localStorage;voir audit;"élevé si identifiant/taxonomie/DOM; moyen sinon";agent-drupal/* + adapters/drupal-job-v2;test-caracterisation-mis-106;Entrées fixture -> sortie/DOM/rapport identique à l'existant;à reprendre;;Non-régression stricte
MIS-107;Mise à jour;durée totale;Comportement existant audité: durée totale.;MAJ 1.8.08.txt;voir fonctions/zones listées dans audit;fichiers utilisateur / état navigateur;JSON, Excel, HTML Drupal ou rapport;Drupal, navigateur, SheetJS/DOM/localStorage;voir audit;"élevé si identifiant/taxonomie/DOM; moyen sinon";agent-drupal/* + adapters/drupal-job-v2;test-caracterisation-mis-107;Entrées fixture -> sortie/DOM/rapport identique à l'existant;à reprendre;;Non-régression stricte
MIS-108;Mise à jour;présentiel;Comportement existant audité: présentiel.;MAJ 1.8.08.txt;voir fonctions/zones listées dans audit;fichiers utilisateur / état navigateur;JSON, Excel, HTML Drupal ou rapport;Drupal, navigateur, SheetJS/DOM/localStorage;voir audit;"élevé si identifiant/taxonomie/DOM; moyen sinon";agent-drupal/* + adapters/drupal-job-v2;test-caracterisation-mis-108;Entrées fixture -> sortie/DOM/rapport identique à l'existant;à reprendre;;Non-régression stricte
MIS-109;Mise à jour;distanciel;Comportement existant audité: distanciel.;MAJ 1.8.08.txt;voir fonctions/zones listées dans audit;fichiers utilisateur / état navigateur;JSON, Excel, HTML Drupal ou rapport;Drupal, navigateur, SheetJS/DOM/localStorage;voir audit;"élevé si identifiant/taxonomie/DOM; moyen sinon";agent-drupal/* + adapters/drupal-job-v2;test-caracterisation-mis-109;Entrées fixture -> sortie/DOM/rapport identique à l'existant;à reprendre;;Non-régression stricte
MIS-110;Mise à jour;public éditorial;Comportement existant audité: public éditorial.;MAJ 1.8.08.txt;voir fonctions/zones listées dans audit;fichiers utilisateur / état navigateur;JSON, Excel, HTML Drupal ou rapport;Drupal, navigateur, SheetJS/DOM/localStorage;voir audit;"élevé si identifiant/taxonomie/DOM; moyen sinon";agent-drupal/* + adapters/drupal-job-v2;test-caracterisation-mis-110;Entrées fixture -> sortie/DOM/rapport identique à l'existant;à reprendre;;Non-régression stricte
MIS-111;Mise à jour;prérequis;Comportement existant audité: prérequis.;MAJ 1.8.08.txt;voir fonctions/zones listées dans audit;fichiers utilisateur / état navigateur;JSON, Excel, HTML Drupal ou rapport;Drupal, navigateur, SheetJS/DOM/localStorage;voir audit;"élevé si identifiant/taxonomie/DOM; moyen sinon";agent-drupal/* + adapters/drupal-job-v2;test-caracterisation-mis-111;Entrées fixture -> sortie/DOM/rapport identique à l'existant;à reprendre;;Non-régression stricte
MIS-112;Mise à jour;contact;Comportement existant audité: contact.;MAJ 1.8.08.txt;voir fonctions/zones listées dans audit;fichiers utilisateur / état navigateur;JSON, Excel, HTML Drupal ou rapport;Drupal, navigateur, SheetJS/DOM/localStorage;voir audit;"élevé si identifiant/taxonomie/DOM; moyen sinon";agent-drupal/* + adapters/drupal-job-v2;test-caracterisation-mis-112;Entrées fixture -> sortie/DOM/rapport identique à l'existant;à reprendre;;Non-régression stricte
MIS-113;Mise à jour;thématiques;Comportement existant audité: thématiques.;MAJ 1.8.08.txt;voir fonctions/zones listées dans audit;fichiers utilisateur / état navigateur;JSON, Excel, HTML Drupal ou rapport;Drupal, navigateur, SheetJS/DOM/localStorage;voir audit;"élevé si identifiant/taxonomie/DOM; moyen sinon";agent-drupal/* + adapters/drupal-job-v2;test-caracterisation-mis-113;Entrées fixture -> sortie/DOM/rapport identique à l'existant;à reprendre;;Non-régression stricte
MIS-114;Mise à jour;publics/métiers Drupal;Comportement existant audité: publics/métiers Drupal.;MAJ 1.8.08.txt;voir fonctions/zones listées dans audit;fichiers utilisateur / état navigateur;JSON, Excel, HTML Drupal ou rapport;Drupal, navigateur, SheetJS/DOM/localStorage;voir audit;"élevé si identifiant/taxonomie/DOM; moyen sinon";agent-drupal/* + adapters/drupal-job-v2;test-caracterisation-mis-114;Entrées fixture -> sortie/DOM/rapport identique à l'existant;à reprendre;;Non-régression stricte
MIS-115;Mise à jour;départements;Comportement existant audité: départements.;MAJ 1.8.08.txt;voir fonctions/zones listées dans audit;fichiers utilisateur / état navigateur;JSON, Excel, HTML Drupal ou rapport;Drupal, navigateur, SheetJS/DOM/localStorage;voir audit;"élevé si identifiant/taxonomie/DOM; moyen sinon";agent-drupal/* + adapters/drupal-job-v2;test-caracterisation-mis-115;Entrées fixture -> sortie/DOM/rapport identique à l'existant;à reprendre;;Non-régression stricte
MIS-116;Mise à jour;sauvegardes avant modification;Comportement existant audité: sauvegardes avant modification.;MAJ 1.8.08.txt;voir fonctions/zones listées dans audit;fichiers utilisateur / état navigateur;JSON, Excel, HTML Drupal ou rapport;Drupal, navigateur, SheetJS/DOM/localStorage;voir audit;"élevé si identifiant/taxonomie/DOM; moyen sinon";agent-drupal/* + adapters/drupal-job-v2;test-caracterisation-mis-116;Entrées fixture -> sortie/DOM/rapport identique à l'existant;à reprendre;;Non-régression stricte
MIS-117;Mise à jour;détection conflits;Comportement existant audité: détection conflits.;MAJ 1.8.08.txt;voir fonctions/zones listées dans audit;fichiers utilisateur / état navigateur;JSON, Excel, HTML Drupal ou rapport;Drupal, navigateur, SheetJS/DOM/localStorage;voir audit;"élevé si identifiant/taxonomie/DOM; moyen sinon";agent-drupal/* + adapters/drupal-job-v2;test-caracterisation-mis-117;Entrées fixture -> sortie/DOM/rapport identique à l'existant;à reprendre;;Non-régression stricte
MIS-118;Mise à jour;vérification après modification;Comportement existant audité: vérification après modification.;MAJ 1.8.08.txt;voir fonctions/zones listées dans audit;fichiers utilisateur / état navigateur;JSON, Excel, HTML Drupal ou rapport;Drupal, navigateur, SheetJS/DOM/localStorage;voir audit;"élevé si identifiant/taxonomie/DOM; moyen sinon";agent-drupal/* + adapters/drupal-job-v2;test-caracterisation-mis-118;Entrées fixture -> sortie/DOM/rapport identique à l'existant;à reprendre;;Non-régression stricte
MIS-119;Mise à jour;simulation;Comportement existant audité: simulation.;MAJ 1.8.08.txt;voir fonctions/zones listées dans audit;fichiers utilisateur / état navigateur;JSON, Excel, HTML Drupal ou rapport;Drupal, navigateur, SheetJS/DOM/localStorage;voir audit;"élevé si identifiant/taxonomie/DOM; moyen sinon";agent-drupal/* + adapters/drupal-job-v2;test-caracterisation-mis-119;Entrées fixture -> sortie/DOM/rapport identique à l'existant;à reprendre;;Non-régression stricte
MIS-120;Mise à jour;auto-save;Comportement existant audité: auto-save.;MAJ 1.8.08.txt;voir fonctions/zones listées dans audit;fichiers utilisateur / état navigateur;JSON, Excel, HTML Drupal ou rapport;Drupal, navigateur, SheetJS/DOM/localStorage;voir audit;"élevé si identifiant/taxonomie/DOM; moyen sinon";agent-drupal/* + adapters/drupal-job-v2;test-caracterisation-mis-120;Entrées fixture -> sortie/DOM/rapport identique à l'existant;à reprendre;;Non-régression stricte
MIS-121;Mise à jour;confirmation clics;Comportement existant audité: confirmation clics.;MAJ 1.8.08.txt;voir fonctions/zones listées dans audit;fichiers utilisateur / état navigateur;JSON, Excel, HTML Drupal ou rapport;Drupal, navigateur, SheetJS/DOM/localStorage;voir audit;"élevé si identifiant/taxonomie/DOM; moyen sinon";agent-drupal/* + adapters/drupal-job-v2;test-caracterisation-mis-121;Entrées fixture -> sortie/DOM/rapport identique à l'existant;à reprendre;;Non-régression stricte
MIS-122;Mise à jour;pause et arrêt;Comportement existant audité: pause et arrêt.;MAJ 1.8.08.txt;voir fonctions/zones listées dans audit;fichiers utilisateur / état navigateur;JSON, Excel, HTML Drupal ou rapport;Drupal, navigateur, SheetJS/DOM/localStorage;voir audit;"élevé si identifiant/taxonomie/DOM; moyen sinon";agent-drupal/* + adapters/drupal-job-v2;test-caracterisation-mis-122;Entrées fixture -> sortie/DOM/rapport identique à l'existant;à reprendre;;Non-régression stricte
MIS-123;Mise à jour;persistance batch;Comportement existant audité: persistance batch.;MAJ 1.8.08.txt;voir fonctions/zones listées dans audit;fichiers utilisateur / état navigateur;JSON, Excel, HTML Drupal ou rapport;Drupal, navigateur, SheetJS/DOM/localStorage;voir audit;"élevé si identifiant/taxonomie/DOM; moyen sinon";agent-drupal/* + adapters/drupal-job-v2;test-caracterisation-mis-123;Entrées fixture -> sortie/DOM/rapport identique à l'existant;à reprendre;;Non-régression stricte
MIS-124;Mise à jour;reprise automatique;Comportement existant audité: reprise automatique.;MAJ 1.8.08.txt;voir fonctions/zones listées dans audit;fichiers utilisateur / état navigateur;JSON, Excel, HTML Drupal ou rapport;Drupal, navigateur, SheetJS/DOM/localStorage;voir audit;"élevé si identifiant/taxonomie/DOM; moyen sinon";agent-drupal/* + adapters/drupal-job-v2;test-caracterisation-mis-124;Entrées fixture -> sortie/DOM/rapport identique à l'existant;à reprendre;;Non-régression stricte
MIS-125;Mise à jour;rapports JSON;Comportement existant audité: rapports JSON.;MAJ 1.8.08.txt;voir fonctions/zones listées dans audit;fichiers utilisateur / état navigateur;JSON, Excel, HTML Drupal ou rapport;Drupal, navigateur, SheetJS/DOM/localStorage;voir audit;"élevé si identifiant/taxonomie/DOM; moyen sinon";agent-drupal/* + adapters/drupal-job-v2;test-caracterisation-mis-125;Entrées fixture -> sortie/DOM/rapport identique à l'existant;à reprendre;;Non-régression stricte
MIS-126;Mise à jour;rapports Excel;Comportement existant audité: rapports Excel.;MAJ 1.8.08.txt;voir fonctions/zones listées dans audit;fichiers utilisateur / état navigateur;JSON, Excel, HTML Drupal ou rapport;Drupal, navigateur, SheetJS/DOM/localStorage;voir audit;"élevé si identifiant/taxonomie/DOM; moyen sinon";agent-drupal/* + adapters/drupal-job-v2;test-caracterisation-mis-126;Entrées fixture -> sortie/DOM/rapport identique à l'existant;à reprendre;;Non-régression stricte
MIS-127;Mise à jour;statuts erreur;Comportement existant audité: statuts erreur.;MAJ 1.8.08.txt;voir fonctions/zones listées dans audit;fichiers utilisateur / état navigateur;JSON, Excel, HTML Drupal ou rapport;Drupal, navigateur, SheetJS/DOM/localStorage;voir audit;"élevé si identifiant/taxonomie/DOM; moyen sinon";agent-drupal/* + adapters/drupal-job-v2;test-caracterisation-mis-127;Entrées fixture -> sortie/DOM/rapport identique à l'existant;à reprendre;;Non-régression stricte
MIS-128;Mise à jour;réinitialisations séparées;Comportement existant audité: réinitialisations séparées.;MAJ 1.8.08.txt;voir fonctions/zones listées dans audit;fichiers utilisateur / état navigateur;JSON, Excel, HTML Drupal ou rapport;Drupal, navigateur, SheetJS/DOM/localStorage;voir audit;"élevé si identifiant/taxonomie/DOM; moyen sinon";agent-drupal/* + adapters/drupal-job-v2;test-caracterisation-mis-128;Entrées fixture -> sortie/DOM/rapport identique à l'existant;à reprendre;;Non-régression stricte
EXC-129;Excel suivi;feuilles ordonnées;Comportement existant audité: feuilles ordonnées.;260717_Suivi_parcours_intranet_VF_colonne_subdivisee(1).xlsx;voir fonctions/zones listées dans audit;fichiers utilisateur / état navigateur;JSON, Excel, HTML Drupal ou rapport;Drupal, navigateur, SheetJS/DOM/localStorage;voir audit;"élevé si identifiant/taxonomie/DOM; moyen sinon";adapters/excel-inventory;test-caracterisation-exc-129;Entrées fixture -> sortie/DOM/rapport identique à l'existant;à reprendre;;Non-régression stricte
EXC-130;Excel suivi;lignes utiles;Comportement existant audité: lignes utiles.;260717_Suivi_parcours_intranet_VF_colonne_subdivisee(1).xlsx;voir fonctions/zones listées dans audit;fichiers utilisateur / état navigateur;JSON, Excel, HTML Drupal ou rapport;Drupal, navigateur, SheetJS/DOM/localStorage;voir audit;"élevé si identifiant/taxonomie/DOM; moyen sinon";adapters/excel-inventory;test-caracterisation-exc-130;Entrées fixture -> sortie/DOM/rapport identique à l'existant;à reprendre;;Non-régression stricte
EXC-131;Excel suivi;en-têtes;Comportement existant audité: en-têtes.;260717_Suivi_parcours_intranet_VF_colonne_subdivisee(1).xlsx;voir fonctions/zones listées dans audit;fichiers utilisateur / état navigateur;JSON, Excel, HTML Drupal ou rapport;Drupal, navigateur, SheetJS/DOM/localStorage;voir audit;"élevé si identifiant/taxonomie/DOM; moyen sinon";adapters/excel-inventory;test-caracterisation-exc-131;Entrées fixture -> sortie/DOM/rapport identique à l'existant;à reprendre;;Non-régression stricte
EXC-132;Excel suivi;en-têtes subdivisés;Comportement existant audité: en-têtes subdivisés.;260717_Suivi_parcours_intranet_VF_colonne_subdivisee(1).xlsx;voir fonctions/zones listées dans audit;fichiers utilisateur / état navigateur;JSON, Excel, HTML Drupal ou rapport;Drupal, navigateur, SheetJS/DOM/localStorage;voir audit;"élevé si identifiant/taxonomie/DOM; moyen sinon";adapters/excel-inventory;test-caracterisation-exc-132;Entrées fixture -> sortie/DOM/rapport identique à l'existant;à reprendre;;Non-régression stricte
EXC-133;Excel suivi;cellules fusionnées;Comportement existant audité: cellules fusionnées.;260717_Suivi_parcours_intranet_VF_colonne_subdivisee(1).xlsx;voir fonctions/zones listées dans audit;fichiers utilisateur / état navigateur;JSON, Excel, HTML Drupal ou rapport;Drupal, navigateur, SheetJS/DOM/localStorage;voir audit;"élevé si identifiant/taxonomie/DOM; moyen sinon";adapters/excel-inventory;test-caracterisation-exc-133;Entrées fixture -> sortie/DOM/rapport identique à l'existant;à reprendre;;Non-régression stricte
EXC-134;Excel suivi;colonnes répétées;Comportement existant audité: colonnes répétées.;260717_Suivi_parcours_intranet_VF_colonne_subdivisee(1).xlsx;voir fonctions/zones listées dans audit;fichiers utilisateur / état navigateur;JSON, Excel, HTML Drupal ou rapport;Drupal, navigateur, SheetJS/DOM/localStorage;voir audit;"élevé si identifiant/taxonomie/DOM; moyen sinon";adapters/excel-inventory;test-caracterisation-exc-134;Entrées fixture -> sortie/DOM/rapport identique à l'existant;à reprendre;;Non-régression stricte
EXC-135;Excel suivi;colonnes techniques;Comportement existant audité: colonnes techniques.;260717_Suivi_parcours_intranet_VF_colonne_subdivisee(1).xlsx;voir fonctions/zones listées dans audit;fichiers utilisateur / état navigateur;JSON, Excel, HTML Drupal ou rapport;Drupal, navigateur, SheetJS/DOM/localStorage;voir audit;"élevé si identifiant/taxonomie/DOM; moyen sinon";adapters/excel-inventory;test-caracterisation-exc-135;Entrées fixture -> sortie/DOM/rapport identique à l'existant;à reprendre;;Non-régression stricte
EXC-136;Excel suivi;colonnes contenu;Comportement existant audité: colonnes contenu.;260717_Suivi_parcours_intranet_VF_colonne_subdivisee(1).xlsx;voir fonctions/zones listées dans audit;fichiers utilisateur / état navigateur;JSON, Excel, HTML Drupal ou rapport;Drupal, navigateur, SheetJS/DOM/localStorage;voir audit;"élevé si identifiant/taxonomie/DOM; moyen sinon";adapters/excel-inventory;test-caracterisation-exc-136;Entrées fixture -> sortie/DOM/rapport identique à l'existant;à reprendre;;Non-régression stricte
EXC-137;Excel suivi;colonnes suivi;Comportement existant audité: colonnes suivi.;260717_Suivi_parcours_intranet_VF_colonne_subdivisee(1).xlsx;voir fonctions/zones listées dans audit;fichiers utilisateur / état navigateur;JSON, Excel, HTML Drupal ou rapport;Drupal, navigateur, SheetJS/DOM/localStorage;voir audit;"élevé si identifiant/taxonomie/DOM; moyen sinon";adapters/excel-inventory;test-caracterisation-exc-137;Entrées fixture -> sortie/DOM/rapport identique à l'existant;à reprendre;;Non-régression stricte
EXC-138;Excel suivi;onglets thématiques;Comportement existant audité: onglets thématiques.;260717_Suivi_parcours_intranet_VF_colonne_subdivisee(1).xlsx;voir fonctions/zones listées dans audit;fichiers utilisateur / état navigateur;JSON, Excel, HTML Drupal ou rapport;Drupal, navigateur, SheetJS/DOM/localStorage;voir audit;"élevé si identifiant/taxonomie/DOM; moyen sinon";adapters/excel-inventory;test-caracterisation-exc-138;Entrées fixture -> sortie/DOM/rapport identique à l'existant;à reprendre;;Non-régression stricte
EXC-139;Excel suivi;onglets cartographie;Comportement existant audité: onglets cartographie.;260717_Suivi_parcours_intranet_VF_colonne_subdivisee(1).xlsx;voir fonctions/zones listées dans audit;fichiers utilisateur / état navigateur;JSON, Excel, HTML Drupal ou rapport;Drupal, navigateur, SheetJS/DOM/localStorage;voir audit;"élevé si identifiant/taxonomie/DOM; moyen sinon";adapters/excel-inventory;test-caracterisation-exc-139;Entrées fixture -> sortie/DOM/rapport identique à l'existant;à reprendre;;Non-régression stricte
EXC-140;Excel suivi;onglets synthèse;Comportement existant audité: onglets synthèse.;260717_Suivi_parcours_intranet_VF_colonne_subdivisee(1).xlsx;voir fonctions/zones listées dans audit;fichiers utilisateur / état navigateur;JSON, Excel, HTML Drupal ou rapport;Drupal, navigateur, SheetJS/DOM/localStorage;voir audit;"élevé si identifiant/taxonomie/DOM; moyen sinon";adapters/excel-inventory;test-caracterisation-exc-140;Entrées fixture -> sortie/DOM/rapport identique à l'existant;à reprendre;;Non-régression stricte
EXC-141;Excel suivi;formules;Comportement existant audité: formules.;260717_Suivi_parcours_intranet_VF_colonne_subdivisee(1).xlsx;voir fonctions/zones listées dans audit;fichiers utilisateur / état navigateur;JSON, Excel, HTML Drupal ou rapport;Drupal, navigateur, SheetJS/DOM/localStorage;voir audit;"élevé si identifiant/taxonomie/DOM; moyen sinon";adapters/excel-inventory;test-caracterisation-exc-141;Entrées fixture -> sortie/DOM/rapport identique à l'existant;à reprendre;;Non-régression stricte
EXC-142;Excel suivi;formats;Comportement existant audité: formats.;260717_Suivi_parcours_intranet_VF_colonne_subdivisee(1).xlsx;voir fonctions/zones listées dans audit;fichiers utilisateur / état navigateur;JSON, Excel, HTML Drupal ou rapport;Drupal, navigateur, SheetJS/DOM/localStorage;voir audit;"élevé si identifiant/taxonomie/DOM; moyen sinon";adapters/excel-inventory;test-caracterisation-exc-142;Entrées fixture -> sortie/DOM/rapport identique à l'existant;à reprendre;;Non-régression stricte
EXC-143;Excel suivi;validations;Comportement existant audité: validations.;260717_Suivi_parcours_intranet_VF_colonne_subdivisee(1).xlsx;voir fonctions/zones listées dans audit;fichiers utilisateur / état navigateur;JSON, Excel, HTML Drupal ou rapport;Drupal, navigateur, SheetJS/DOM/localStorage;voir audit;"élevé si identifiant/taxonomie/DOM; moyen sinon";adapters/excel-inventory;test-caracterisation-exc-143;Entrées fixture -> sortie/DOM/rapport identique à l'existant;à reprendre;;Non-régression stricte
EXC-144;Excel suivi;colonnes inconnues/non utilisées;Comportement existant audité: colonnes inconnues/non utilisées.;260717_Suivi_parcours_intranet_VF_colonne_subdivisee(1).xlsx;voir fonctions/zones listées dans audit;fichiers utilisateur / état navigateur;JSON, Excel, HTML Drupal ou rapport;Drupal, navigateur, SheetJS/DOM/localStorage;voir audit;"élevé si identifiant/taxonomie/DOM; moyen sinon";adapters/excel-inventory;test-caracterisation-exc-144;Entrées fixture -> sortie/DOM/rapport identique à l'existant;à reprendre;;Non-régression stricte
